{"cameraMode":{"drawMode":0,"name":"Shaded","section":"Shading Mode"},"sceneLighting":true,"audioPlay":false,"sceneViewState":{"showFog":true,"showMaterialUpdate":false,"showSkybox":true,"showFlares":true,"showImageEffects":true,"showParticleSystems":true},"in2DMode":false,"pivot":{"x":-0.025738917291164399,"y":3.881761074066162,"z":0.0},"rotation":{"x":-0.03269382193684578,"y":-0.13451707363128663,"z":-0.004440678749233484,"w":0.9903620481491089},"size":7.122348785400391,"orthographic":true}